name,id,designation,tech/manufacturer,system id,fleet pts,hitpoints,armor rating,max flux,8/6/5/4%,flux dissipation,ordnance points,fighter bays,max speed,acceleration,deceleration,max turn rate,turn acceleration,mass,shield type,defense id,shield arc,shield upkeep,shield efficiency,phase cost,phase upkeep,min crew,max crew,cargo,fuel,fuel/ly,range,max burn,base value,cr %/day,CR to deploy,peak CR sec,CR loss/sec,supplies/rec,supplies/mo,c/s,c/f,f/s,f/f,crew/s,crew/f,hints,tags,rarity,breakProb,minPieces,maxPieces,travel drive,number
Vertex,sc_vertex,,High Tech,,,150,15,200,,20,0,,250,350,300,120,240,12,FRONT,,360,0,1,,,0,0,,,,,,,,,,,,,,,,,,,,,,0,,,,
Outrider,sc_outrider,Frigate,High Tech,microburn,5,1100,120,2200,,120,32,1,150,140,110,80,100,200,FRONT,,360,0.6,0.7,,,15,45,75,50,1,50,10,18000,10,15,180,0.25,5,5,,,,,,,"CARRIER, COMBAT","hightech_bp, merc",,0.5,2,2,,
Horizon,sc_horizon,Destroyer,High Tech,flarelauncher_active,9,3500,270,6500,,300,78,,90,60,30,40,30,400,FRONT,,360,0.7,0.6,,,50,150,200,100,1,100,9,45000,5,20,300,0.25,9,9,,,,,,,,"hightech_bp, merc",,0.6,2,3,,
Yonder,sc_yonder,Logistic Cruiser,High Tech,flarelauncher_active,7,5000,200,4000,,200,50,,60,60,50,30,35,1200,FRONT,,360,0.6,0.7,,,180,360,600,900,3,300,7,65000,4,20,420,0.25,10,10,,,,,,,"CIVILIAN, TANKER, FREIGHTER","rare_bp, independent, tritachyon, merc",0.6,0.6,2,3,,
Epitome,sc_epitome,Battlecruiser,High Tech,highenergyfocus,22,9000,950,13500,,900,230,3,80,45,40,12,9,2400,OMNI,,240,0.3,0.7,,,350,700,550,600,8,75,8,350000,3,20,660,0.25,35,35,,,,,,,,"rare_bp, independent, tritachyon, merc",,0.6,2,3,,
Pathfinder,sc_pathfinder,Frigate,High Tech,microburn,5,1100,120,2200,,120,32,1,150,140,110,80,100,200,FRONT,,360,0.6,0.7,,,15,45,75,50,1,50,10,18000,10,15,180,0.25,5,5,,,,,,,"CARRIER, COMBAT","no_drop, no_sell",,0.5,2,2,,
