{
	"combatSmall":{
		"sc_outrider_Attack":10,
		"sc_outrider_Support":10,
		"sc_outrider_Strike":6,
	},
	"combatMedium":{
		"sc_horizon_Balanced":8,
		"sc_horizon_Support":4,
	},
	"combatCapital":{
		"sc_epitome_Balanced":6,
		"sc_epitome_Beam":6,
		"sc_epitome_Strike":4,
	},

	"civilianRandom":{
		"sc_yonder_Fast":0.3,
		"sc_yonder_Standard":0.3,
	},

	"freighterSmall":{
		"sc_yonder_Fast":4,
		"sc_yonder_Standard":4,
	},
	
	"tankerMedium":{
		"sc_yonder_Fast":4,
		"sc_yonder_Standard":4,
	},
	
}
