id,type,text1,text2,text3,notes
sc_vertex,SHIP,"An unmanned drone, designed for use in planetside survey operations deemed too hazrdous for human personnel, in ship-to-ship combat the Vertex's advanced suite of optical amplifiers in tandem with powerful shields and advanced A.I allow it to achieve results far above what its light armanents would suggest. Additionaly, the Vertex drone is capable of medium-range operations away from their carriers, something few drones piloted by below gamma level A.I are able to claim. ",,,
sc_pathfinder,SHIP,"Lightly armed and armored, the Pathfinder-class' claim to fame lies not in offense, but in its shields and exploration equipment. Any explorer manning the Pathfinder can count on their ship's full coverage shields, fast, plasma burn capable engines, and protection of it's drones, which can be even extended towards other, slower vessels to get them, and potentially even other ships, out of trouble they might find scouring the outer rim.",,,
sc_horizon,SHIP,"Unusually slow for an Expansion Era ship, the Horizon's primary role outside of exploration is to serve as a defence anchor, using a shield generator and flux capacitor that wouldn't be out of place on a cruiser. However, to achieve these impressive feats the Horizon's designers were forced to sacrifice flux dissipation and reduce the weapon emplacements into being able to reliably threaten ships in the lower weight class, forcing its captains to rely on outside help for offense.",,,
sc_yonder,SHIP,"The premier logistical vessel for exploration outside the core, the Yonder class is widely sought after by techmining consortiums for its comprehensive logistic package.

Equipped with ample cargo space and fuel tanks, on top of salvaging and surveying capabilities, the Yonder-class can fullfill most roles expected of a logistic ship, at only marginal loss of efficiency compared to the more specialised vessels.

The high demand coupled with construction costs prevent the Yonder from being often seen in the Persean Sector's markets, with any fleet captain managing to get their hands on one paying special attention for it to not fall prey to the numerous threats plaguing the sector. A task made quite easy thanks to its shield's incredible strenght and coverage, as well as the power of its engines.",,,
sc_epitome,SHIP,"Equipped with the most sophisticated of sensors and surveying equippment as well as heavy cruiser level firepower, the Epitome-class is meant for exploration of the most hostile of spaces.

While its size, fragility and offensive capabilities all seem below par for a capital-class ship, the Epitome more than makes up for its shortcomings with engine and shield power, with a single flight deck not occupied by survey drones to further enhance its offensive potential. With broadside-favouring weapon layout and high energy focus ship system, the Epitome exceeds at outmanouvering other capitals before unleashing a barrage of pain, all without sacrificing the light logistical profile expected of a survey ship.",,,